Plot name,Proeltis virscens,Cs sp.2,Ctena sp.4,Eaea sp.,Meslon sp.1,Ptiae sp.1,Mellma sp.4,Mphthalma sp.6,Alenae sp.12,Seriilus ada,Cotra zeaicum,Nrius sp.4,Scretus nr. anis,Dtes sp.1
NewSite014,0.389174004161,3.353405763820,0.091550111335,1.234799092461,1.211673302670,6.189788883678,25.604916231635,12.855627630368,0.097626906698,0.879650429460,0.000000000000,2.605113616334,0.295034131029,0.194678318210
NewSite015,0.159464033982,0.200556837357,0.662490886921,0.501190211209,1.086238249728,4.217267852948,13.682851047052,1.581967782794,0.004814128882,0.044680137378,0.027490057522,4.126991497045,0.565226508267,0.634859983760
NewSite016,0.159464033982,0.200556837357,0.662490886921,0.501190211209,1.086238249728,4.217267852948,13.682851047052,1.581967782794,0.004814128882,0.044680137378,0.027490057522,4.126991497045,0.565226508267,0.634859983760
NewSite017,0.159464033982,0.200556837357,0.662490886921,0.501190211209,1.086238249728,4.217267852948,13.682851047052,1.581967782794,0.004814128882,0.044680137378,0.027490057522,4.126991497045,0.565226508267,0.634859983760
NewSite018,0.175870161920,1.173818543069,0.625522598736,0.363113386940,0.608497962925,3.641749794512,10.208024288949,5.956879150596,0.022687547457,0.320659384949,3.212295095442,1.386342958834,1.229721493006,2.673326887936
NewSite019,0.175870161920,1.173818543069,0.625522598736,0.363113386940,0.608497962925,3.641749794512,10.208024288949,5.956879150596,0.022687547457,0.320659384949,3.212295095442,1.386342958834,1.229721493006,2.673326887936
NewSite020,0.458719210813,3.450153888559,0.027003159089,0.752599561745,0.599612508318,7.818931558107,24.451517483712,13.451689122604,0.127667672663,0.121358069803,0.000000000000,3.040118361410,0.289030246334,0.189394105663
NewSite021,0.428397662546,3.439188330460,0.059649373740,0.917105254021,0.874792954732,7.068907003839,24.741868984667,13.132293700156,0.113334111866,0.389257662187,0.000000000000,2.835786301193,0.302367103465,0.193684982090
NewSite022,0.116598495578,1.154412669349,0.964468430284,0.243546434621,1.208751516479,1.777703627714,7.363993584361,4.291655712585,0.000000000000,0.414869844415,5.363254070474,0.936840012834,1.429142024587,2.250161438110
NewSite023,0.116598495578,1.154412669349,0.964468430284,0.243546434621,1.208751516479,1.777703627714,7.363993584361,4.291655712585,0.000000000000,0.414869844415,5.363254070474,0.936840012834,1.429142024587,2.250161438110
NewSite024,0.116598495578,1.154412669349,0.964468430284,0.243546434621,1.208751516479,1.777703627714,7.363993584361,4.291655712585,0.000000000000,0.414869844415,5.363254070474,0.936840012834,1.429142024587,2.250161438110
NewSite025,0.116598495578,1.154412669349,0.964468430284,0.243546434621,1.208751516479,1.777703627714,7.363993584361,4.291655712585,0.000000000000,0.414869844415,5.363254070474,0.936840012834,1.429142024587,2.250161438110
NewSite026,0.000000000000,0.082405837645,2.726952136060,0.000000000000,0.201760065877,0.168740175792,0.165570812002,0.166190904655,0.001274635568,0.001274635568,3.408047783632,0.167465540223,0.343563332533,0.952126044295
NewSite027,0.000000000000,0.072399607179,5.106985897515,0.000000000000,0.137631557855,0.165584140770,0.188556520047,0.118492328351,0.023545906209,0.023545906209,2.619168554934,0.142038234561,0.264365176267,3.480620939213
NewSite028,0.000000000000,0.064032230094,6.530445530613,0.000000000000,0.096356984595,0.161327227591,0.209833277641,0.088348901826,0.036489162882,0.036489162882,2.133613934444,0.124838064709,0.215447667992,5.163599736295
NewSite029,0.214247473161,1.509445549319,0.581785914951,0.497805926866,0.660920423197,3.756063018931,12.734754385188,7.267185865084,0.036826058745,0.377276426121,3.675960154570,1.630851054234,0.740750335219,1.741342430121
NewSite030,0.204965408337,2.334693319860,0.170746387400,4.983408271081,3.007900662535,1.622831632178,38.921274130437,13.580523584219,0.054807144875,4.545053934882,0.162213431190,1.199775704674,0.118404084167,0.120423470290
NewSite031,0.212907956301,2.307555679895,0.165880977328,5.379290543494,3.003468092369,1.428651925209,41.223589123093,13.677524115023,0.062255804395,4.604701652037,0.165558975355,1.125088022106,0.105740211824,0.109440402278
NewSite032,0.212907956301,2.307555679895,0.165880977328,5.379290543494,3.003468092369,1.428651925209,41.223589123093,13.677524115023,0.062255804395,4.604701652037,0.165558975355,1.125088022106,0.105740211824,0.109440402278
NewSite033,0.212907956301,2.307555679895,0.165880977328,5.379290543494,3.003468092369,1.428651925209,41.223589123093,13.677524115023,0.062255804395,4.604701652037,0.165558975355,1.125088022106,0.105740211824,0.109440402278
NewSite034,0.212907956301,2.307555679895,0.165880977328,5.379290543494,3.003468092369,1.428651925209,41.223589123093,13.677524115023,0.062255804395,4.604701652037,0.165558975355,1.125088022106,0.105740211824,0.109440402278
NewSite035,0.221433389767,2.278019287733,0.160812572439,5.803641705443,2.998018703123,1.224143741756,43.718159791080,13.784111436930,0.070496049643,4.670537336063,0.168902483454,1.046400015267,0.092094599470,0.096737285121
NewSite036,0.248067486381,2.176928522255,0.144948154709,7.127375996679,2.980291955014,0.615579966307,51.551851383992,14.153714795319,0.097281879212,4.896577543135,0.177790753783,0.809160601574,0.049357204118,0.052392092200
NewSite037,0.288484462651,2.044870605765,0.120258533400,8.850006998369,2.921899728122,0.000000000000,61.855264047438,14.735877352416,0.135852274630,5.148110342443,0.187336572142,0.527320737474,0.000000000000,0.000000000000
NewSite038,0.409461585900,1.916544512187,0.051810639235,12.247674195898,2.500209145200,0.000000000000,83.241967223912,15.989188511861,0.230144407061,5.081556343746,0.216768402852,0.081169725661,0.000000000000,0.000000000000
NewSite039,0.426281464557,1.918577774527,0.043074543544,12.619324646617,2.427424275604,0.000000000000,85.693244386336,16.121588510187,0.241889382585,5.023233343543,0.221746519273,0.040778180130,0.000000000000,0.000000000000
NewSite040,0.214247473161,1.509445549319,0.581785914951,0.497805926866,0.660920423197,3.756063018931,12.734754385188,7.267185865084,0.036826058745,0.377276426121,3.675960154570,1.630851054234,0.740750335219,1.741342430121
NewSite041,0.000000000000,0.076821990407,4.187417948610,0.000000000000,0.162669091203,0.167060872172,0.178647698123,0.137041418138,0.015009727017,0.015009727017,2.924182309953,0.152051145155,0.295141718321,2.474224177908
NewSite042,0.000000000000,0.076821990407,4.187417948610,0.000000000000,0.162669091203,0.167060872172,0.178647698123,0.137041418138,0.015009727017,0.015009727017,2.924182309953,0.152051145155,0.295141718321,2.474224177908
NewSite043,0.000000000000,0.068990735905,5.725653061656,0.000000000000,0.120198893228,0.164152300235,0.196615583686,0.105712782550,0.029219758842,0.029219758842,2.411297688624,0.134932541392,0.243365226079,4.188787320951
NewSite044,0.000000000000,0.068990735905,5.725653061656,0.000000000000,0.120198893228,0.164152300235,0.196615583686,0.105712782550,0.029219758842,0.029219758842,2.411297688624,0.134932541392,0.243365226079,4.188787320951
NewSite045,0.000000000000,0.051078722107,8.298225870558,0.000000000000,0.036934985695,0.147457862354,0.258975130461,0.043873725904,0.051792068225,0.051792068225,1.465506279044,0.095665794129,0.152974668974,7.690819268701
NewSite046,0.000000000000,0.041263897744,9.118201717593,0.000000000000,0.008709599471,0.134677597663,0.304944429644,0.017739095756,0.058469250954,0.058469250954,1.138252455892,0.076208346709,0.134226286416,9.259610146145
NewSite047,0.000000000000,0.016402872815,9.463299308768,0.000000000000,0.000000000000,0.120132650072,0.400585012639,0.000048469329,0.060042090372,0.060042090372,1.041293550921,0.060090559701,0.174806360576,11.028142298465
NewSite048,0.115460647731,0.509451610141,1.113146070650,0.222791769620,0.303837740147,2.557434613203,5.411407377816,3.714019236947,0.337045530744,0.148886178533,2.334631789241,1.352249827661,0.963241514784,4.598983351361
NewSite049,0.051603565847,0.000000000000,6.561634979857,0.000000000000,0.007939010130,0.220965064741,0.510698440223,0.019847525326,0.036701885461,0.036701885461,1.396799097607,0.088305451308,0.771279077471,9.929862931601
NewSite050,0.225823657925,0.000000000000,3.408717625777,0.000000000000,0.213654061040,2.586529517837,0.873952253593,0.609213981067,1.237820653732,0.171860070019,0.637326998721,2.138161155983,1.083029496451,3.607676247845
NewSite051,0.225823657925,0.000000000000,3.408717625777,0.000000000000,0.213654061040,2.586529517837,0.873952253593,0.609213981067,1.237820653732,0.171860070019,0.637326998721,2.138161155983,1.083029496451,3.607676247845
NewSite052,0.225823657925,0.000000000000,3.408717625777,0.000000000000,0.213654061040,2.586529517837,0.873952253593,0.609213981067,1.237820653732,0.171860070019,0.637326998721,2.138161155983,1.083029496451,3.607676247845
NewSite053,0.225823657925,0.000000000000,3.408717625777,0.000000000000,0.213654061040,2.586529517837,0.873952253593,0.609213981067,1.237820653732,0.171860070019,0.637326998721,2.138161155983,1.083029496451,3.607676247845
NewSite054,0.225823657925,0.000000000000,3.408717625777,0.000000000000,0.213654061040,2.586529517837,0.873952253593,0.609213981067,1.237820653732,0.171860070019,0.637326998721,2.138161155983,1.083029496451,3.607676247845
NewSite055,0.225823657925,0.000000000000,3.408717625777,0.000000000000,0.213654061040,2.586529517837,0.873952253593,0.609213981067,1.237820653732,0.171860070019,0.637326998721,2.138161155983,1.083029496451,3.607676247845
NewSite056,0.225823657925,0.000000000000,3.408717625777,0.000000000000,0.213654061040,2.586529517837,0.873952253593,0.609213981067,1.237820653732,0.171860070019,0.637326998721,2.138161155983,1.083029496451,3.607676247845
NewSite057,0.225823657925,0.000000000000,3.408717625777,0.000000000000,0.213654061040,2.586529517837,0.873952253593,0.609213981067,1.237820653732,0.171860070019,0.637326998721,2.138161155983,1.083029496451,3.607676247845
NewSite058,0.225823657925,0.000000000000,3.408717625777,0.000000000000,0.213654061040,2.586529517837,0.873952253593,0.609213981067,1.237820653732,0.171860070019,0.637326998721,2.138161155983,1.083029496451,3.607676247845
NewSite059,0.131117176522,0.109202779863,1.286689352140,0.012326395503,0.015857297078,4.084986764719,3.549243689927,1.693525571839,0.259369310768,0.176571013175,1.397307835515,1.275355932023,2.605044792675,4.225428832956
NewSite060,0.131117176522,0.109202779863,1.286689352140,0.012326395503,0.015857297078,4.084986764719,3.549243689927,1.693525571839,0.259369310768,0.176571013175,1.397307835515,1.275355932023,2.605044792675,4.225428832956
NewSite061,0.131117176522,0.109202779863,1.286689352140,0.012326395503,0.015857297078,4.084986764719,3.549243689927,1.693525571839,0.259369310768,0.176571013175,1.397307835515,1.275355932023,2.605044792675,4.225428832956
NewSite062,0.388444460897,2.507778762205,0.172452239046,0.738368270709,0.343693348830,7.038324014229,20.879893260169,11.584079349520,0.110088321714,0.243241011410,0.780328674451,2.719370781686,0.366029969360,0.681031357860
NewSite063,0.388444460897,2.507778762205,0.172452239046,0.738368270709,0.343693348830,7.038324014229,20.879893260169,11.584079349520,0.110088321714,0.243241011410,0.780328674451,2.719370781686,0.366029969360,0.681031357860
NewSite064,0.388444460897,2.507778762205,0.172452239046,0.738368270709,0.343693348830,7.038324014229,20.879893260169,11.584079349520,0.110088321714,0.243241011410,0.780328674451,2.719370781686,0.366029969360,0.681031357860
NewSite065,0.317098729840,2.028132346292,0.321453451377,0.702633207065,0.451380847540,5.739863045057,17.940797817187,9.870526474566,0.081523837925,0.358423141999,1.906254568833,2.288510496474,0.483214788830,1.057093740801
NewSite066,0.241803425248,2.283378480423,0.415495786758,1.265156980749,1.423688610862,3.658028672618,19.802654879005,9.557908427134,0.041713442706,1.281340500550,2.276425683868,1.730358157461,0.559789690561,0.818467025563
NewSite067,0.193533186451,2.537407612380,0.184334013107,3.412422137013,2.875202441580,2.594723027621,30.994403148055,13.169885741527,0.037084044423,4.060595713561,0.141824047999,1.559682834899,0.175193000458,0.160171273673
NewSite068,0.131117176522,0.109202779863,1.286689352140,0.012326395503,0.015857297078,4.084986764719,3.549243689927,1.693525571839,0.259369310768,0.176571013175,1.397307835515,1.275355932023,2.605044792675,4.225428832956
NewSite069,0.131117176522,0.109202779863,1.286689352140,0.012326395503,0.015857297078,4.084986764719,3.549243689927,1.693525571839,0.259369310768,0.176571013175,1.397307835515,1.275355932023,2.605044792675,4.225428832956
NewSite070,0.131117176522,0.109202779863,1.286689352140,0.012326395503,0.015857297078,4.084986764719,3.549243689927,1.693525571839,0.259369310768,0.176571013175,1.397307835515,1.275355932023,2.605044792675,4.225428832956
NewSite071,0.131117176522,0.109202779863,1.286689352140,0.012326395503,0.015857297078,4.084986764719,3.549243689927,1.693525571839,0.259369310768,0.176571013175,1.397307835515,1.275355932023,2.605044792675,4.225428832956
NewSite072,0.000000000000,0.060760097331,7.019328506113,0.000000000000,0.080998045466,0.158819782058,0.219926572070,0.077160789022,0.040829496518,0.040829496518,1.958494973561,0.117990285540,0.198093552849,5.796117853186
NewSite073,0.000000000000,0.058336112238,7.366584890316,0.000000000000,0.069594434318,0.156534171734,0.228367536990,0.068795118896,0.043869526419,0.043869526419,1.830015949144,0.112664645315,0.185623231618,6.270270479874
NewSite074,0.000000000000,0.048117973240,8.606496680925,0.000000000000,0.025797153322,0.143209600903,0.273093862245,0.034571443013,0.054319078945,0.054319078945,1.339981058017,0.088890521958,0.143674084112,8.230226187357
NewSite075,0.134258191537,0.000000000000,3.447081200859,0.000000000000,0.020655106390,0.413247337099,0.579235040489,0.051637765976,0.013179363230,0.013179363230,1.786664993580,0.147437554766,1.138751801976,8.747845453632
NewSite076,0.000000000000,0.057824900046,1.110051612595,0.000000000000,0.173474700139,0.731452244742,0.277060214911,0.000000000000,0.000000000000,0.000000000000,4.550748133659,0.057824900046,1.807779585260,5.687803300159
NewSite077,0.000000000000,0.057824900046,1.110051612595,0.000000000000,0.173474700139,0.731452244742,0.277060214911,0.000000000000,0.000000000000,0.000000000000,4.550748133659,0.057824900046,1.807779585260,5.687803300159
NewSite078,0.000000000000,0.057824900046,1.110051612595,0.000000000000,0.173474700139,0.731452244742,0.277060214911,0.000000000000,0.000000000000,0.000000000000,4.550748133659,0.057824900046,1.807779585260,5.687803300159
NewSite079,0.000000000000,0.057824900046,1.110051612595,0.000000000000,0.173474700139,0.731452244742,0.277060214911,0.000000000000,0.000000000000,0.000000000000,4.550748133659,0.057824900046,1.807779585260,5.687803300159
NewSite080,0.000000000000,0.057824900046,1.110051612595,0.000000000000,0.173474700139,0.731452244742,0.277060214911,0.000000000000,0.000000000000,0.000000000000,4.550748133659,0.057824900046,1.807779585260,5.687803300159
NewSite081,0.000000000000,0.057824900046,1.110051612595,0.000000000000,0.173474700139,0.731452244742,0.277060214911,0.000000000000,0.000000000000,0.000000000000,4.550748133659,0.057824900046,1.807779585260,5.687803300159
NewSite082,0.000000000000,0.057824900046,1.110051612595,0.000000000000,0.173474700139,0.731452244742,0.277060214911,0.000000000000,0.000000000000,0.000000000000,4.550748133659,0.057824900046,1.807779585260,5.687803300159
NewSite090,0.436881825342,0.000000000000,0.768248371582,0.000000000000,0.067212588514,1.342809775122,0.799015406794,0.168031471285,0.033606294257,0.033606294257,2.119697573167,0.470488119599,2.331609247207,4.174394992654
NewSite091,0.436881825342,0.000000000000,0.768248371582,0.000000000000,0.067212588514,1.342809775122,0.799015406794,0.168031471285,0.033606294257,0.033606294257,2.119697573167,0.470488119599,2.331609247207,4.174394992654
NewSite092,0.436881825342,0.000000000000,0.768248371582,0.000000000000,0.067212588514,1.342809775122,0.799015406794,0.168031471285,0.033606294257,0.033606294257,2.119697573167,0.470488119599,2.331609247207,4.174394992654
NewSite093,0.436881825342,0.000000000000,0.768248371582,0.000000000000,0.067212588514,1.342809775122,0.799015406794,0.168031471285,0.033606294257,0.033606294257,2.119697573167,0.470488119599,2.331609247207,4.174394992654
NewSite094,0.436881825342,0.000000000000,0.768248371582,0.000000000000,0.067212588514,1.342809775122,0.799015406794,0.168031471285,0.033606294257,0.033606294257,2.119697573167,0.470488119599,2.331609247207,4.174394992654
NewSite095,0.398479730460,0.000000000000,1.107277177289,0.000000000000,0.061304573917,1.222853293775,0.796198142064,0.153261434792,0.030652286958,0.030652286958,2.124262444454,0.429132017419,2.182740849091,4.899627562237
NewSite096,0.436839018974,0.000000000000,0.768730664132,0.000000000000,0.067206002919,1.342673295453,0.799089691084,0.168015007298,0.033603001460,0.033603001460,2.119787750868,0.470442020433,2.331480728323,4.175287628656
NewSite097,0.392152793928,0.000000000000,1.159349613164,0.000000000000,0.060331199066,1.203038390494,0.796584019776,0.150827997664,0.030165599533,0.030165599533,2.123470800928,0.422318393460,2.163246602159,5.030189280293
NewSite098,0.440483937633,0.000000000000,0.348196741352,0.000000000000,0.067766759636,1.365244981621,0.587703504911,0.169416899089,0.033883379818,0.033883379818,1.815775780422,0.474367317450,2.181497836795,4.502993663480
NewSite099,0.000000000000,0.058783210388,1.131922083246,0.000000000000,0.176349631164,0.737251816926,0.278122932519,0.000000000000,0.000000000000,0.000000000000,4.299926785146,0.058783210388,1.741888940248,5.843301271950
NewSite100,0.000000000000,0.025924300611,0.512874688654,0.000000000000,0.077772901833,0.575585971123,0.251281873013,0.000000000000,0.000000000000,0.000000000000,6.540776097844,0.025924300611,4.174855300954,2.774960711416
NewSite101,0.436881825342,0.000000000000,0.768248371582,0.000000000000,0.067212588514,1.342809775122,0.799015406794,0.168031471285,0.033606294257,0.033606294257,2.119697573167,0.470488119599,2.331609247207,4.174394992654
NewSite102,0.465820942771,0.000000000000,0.444576386141,0.000000000000,0.071664760426,1.435053886843,0.745052309307,0.179161901066,0.035832380213,0.035832380213,2.059028119126,0.501653322984,2.414399362605,3.587435468685
NewSite103,0.465820942771,0.000000000000,0.444576386141,0.000000000000,0.071664760426,1.435053886843,0.745052309307,0.179161901066,0.035832380213,0.035832380213,2.059028119126,0.501653322984,2.414399362605,3.587435468685
NewSite104,0.465820942771,0.000000000000,0.444576386141,0.000000000000,0.071664760426,1.435053886843,0.745052309307,0.179161901066,0.035832380213,0.035832380213,2.059028119126,0.501653322984,2.414399362605,3.587435468685
NewSite105,0.465820942771,0.000000000000,0.444576386141,0.000000000000,0.071664760426,1.435053886843,0.745052309307,0.179161901066,0.035832380213,0.035832380213,2.059028119126,0.501653322984,2.414399362605,3.587435468685
NewSite106,0.360874420307,0.000000000000,0.598053059115,0.000000000000,0.055519141586,1.125751319666,0.513060744689,0.138797853964,0.027759570793,0.027759570793,1.443142864796,0.388633991100,1.912447411714,6.234356647816
NewSite107,0.062716661721,0.033735315011,1.047645794324,0.000000000000,0.110854662219,0.611479845331,0.231595350719,0.024121792969,0.004824358594,0.004824358594,1.297782148774,0.101276335325,1.531948774043,7.478195329166
NewSite108,0.000000000000,0.043402560590,0.822579457807,0.000000000000,0.130207681770,0.662857943348,0.266247305200,0.000000000000,0.000000000000,0.000000000000,5.869802034640,0.043402560590,2.914701054186,4.153402118283
NewSite109,0.000000000000,0.000000000000,0.074589468034,0.000000000000,0.000000000000,0.423619444343,0.218219729856,0.000000000000,0.000000000000,0.000000000000,7.343836912828,0.000000000000,6.003797170394,1.011673828545
NewSite110,0.019860351109,0.056838169116,1.141822195467,0.000000000000,0.173569945982,0.758761155646,0.284951769637,0.007638596580,0.001527719316,0.001527719316,2.442561123204,0.078226239541,1.545751463874,6.519745561839
NewSite111,0.120148116598,0.134633555120,0.646377983476,0.009962231527,0.006563666600,4.168043596496,4.119034472106,1.511772722026,0.000000000000,0.226349731328,2.925777397137,0.759267084567,3.143162091307,4.301934628203
NewSite112,0.964855240614,1.205724057345,0.000000000000,1.463005516436,0.304645675827,1.922486067499,41.894480076613,4.871826567309,0.000000000000,0.240097393156,0.000000000000,4.545509085154,0.272498345682,0.000000000000
NewSite113,0.964855240614,1.205724057345,0.000000000000,1.463005516436,0.304645675827,1.922486067499,41.894480076613,4.871826567309,0.000000000000,0.240097393156,0.000000000000,4.545509085154,0.272498345682,0.000000000000
NewSite114,0.964855240614,1.205724057345,0.000000000000,1.463005516436,0.304645675827,1.922486067499,41.894480076613,4.871826567309,0.000000000000,0.240097393156,0.000000000000,4.545509085154,0.272498345682,0.000000000000
NewSite115,0.964855240614,1.205724057345,0.000000000000,1.463005516436,0.304645675827,1.922486067499,41.894480076613,4.871826567309,0.000000000000,0.240097393156,0.000000000000,4.545509085154,0.272498345682,0.000000000000
NewSite116,0.442464144052,3.452430158831,0.045606972808,0.829136082296,0.748830972258,7.411241860534,24.547491562984,13.271547375732,0.119720855983,0.250135515422,0.000000000000,2.927625107610,0.299182975821,0.192333074268
NewSite117,0.425286683732,3.434655626285,0.062528798422,0.938874159095,0.902217687171,6.994959350127,24.795968418613,13.104144299180,0.111981516672,0.423120253132,0.000000000000,2.816197705171,0.302514404487,0.193872360442
NewSite118,0.383939197961,3.338730145906,0.095266169253,1.282395271162,1.255630850743,6.081054316538,25.738642230044,12.831193044645,0.095714852884,0.953395351845,0.000000000000,2.576538183222,0.293092883919,0.194742649856
NewSite119,0.338528755963,3.196518179887,0.124183234667,1.720372396182,1.634613790595,5.203016200098,26.936316724094,12.724199359874,0.080277517918,1.640701708840,0.000000000000,2.341617055858,0.272566649706,0.194815478532
NewSite120,0.197544139169,2.363869858540,0.175560613633,4.592487107533,3.008908776934,1.820581306484,36.701009679676,13.485231505225,0.047916373490,4.481805557965,0.158678522917,1.275782952959,0.130986182248,0.130497938355
NewSite121,0.414196264598,1.916778689438,0.049336693555,12.353725005178,2.479931478837,0.000000000000,83.938855161791,16.027142464554,0.233468464925,5.065866491238,0.218149591503,0.069498646512,0.000000000000,0.000000000000
NewSite122,0.120148116598,0.134633555120,0.646377983476,0.009962231527,0.006563666600,4.168043596496,4.119034472106,1.511772722026,0.000000000000,0.226349731328,2.925777397137,0.759267084567,3.143162091307,4.301934628203
NewSite123,0.000000000000,0.047714764678,8.644352390340,0.000000000000,0.024443671821,0.142637536222,0.275035065263,0.033384597777,0.054626469223,0.054626469223,1.324545883105,0.088011067000,0.142653280211,8.299893416882
NewSite124,0.000000000000,0.043828604372,8.957860856337,0.000000000000,0.013654877203,0.137505268004,0.293443792697,0.023177016210,0.057164125897,0.057164125897,1.198753219877,0.080341142107,0.135892194213,8.913925977043
NewSite125,0.000000000000,0.043828604372,8.957860856337,0.000000000000,0.013654877203,0.137505268004,0.293443792697,0.023177016210,0.057164125897,0.057164125897,1.198753219877,0.080341142107,0.135892194213,8.913925977043
NewSite126,0.000000000000,0.043828604372,8.957860856337,0.000000000000,0.013654877203,0.137505268004,0.293443792697,0.023177016210,0.057164125897,0.057164125897,1.198753219877,0.080341142107,0.135892194213,8.913925977043
NewSite127,0.000000000000,0.031516694524,9.471435277739,0.000000000000,0.000738297337,0.127507648835,0.343285918227,0.005064162187,0.061221743324,0.061221743324,1.029537238989,0.066285905511,0.141484925808,10.209021775429
NewSite128,0.000796312113,0.001297045925,8.232623698894,0.000000000000,0.000122509556,0.095314997630,0.510236711034,0.000306273890,0.046524285423,0.046524285423,1.185591020529,0.047320597536,0.349490438101,11.309108888259
NewSite129,0.232970663444,0.000000000000,2.585148164405,0.000000000000,0.035841640530,0.713190753090,0.670325728721,0.089604101325,0.019532292445,0.019532292445,1.944203547842,0.252502955889,1.545745822489,7.451708489237
NewSite130,0.000000000000,0.061456405817,1.209148317002,0.000000000000,0.184369217452,0.754651516126,0.279919186232,0.000000000000,0.000000000000,0.000000000000,3.039259752494,0.061456405817,1.564825897663,6.520725289448
NewSite131,0.028043612036,0.054371720620,1.146008881168,0.000000000000,0.167429563712,0.748633414765,0.278229392749,0.010786004629,0.002157200926,0.002157200926,1.778450383581,0.084572533582,1.469070405321,6.846429617684
NewSite172,0.461236037660,0.000000000000,0.506629132525,0.000000000000,0.070959390409,1.420089863407,0.762973348883,0.177398476023,0.035479695205,0.035479695205,2.076046533616,0.496715732865,2.408766777794,3.665383292562
NewSite173,0.461236037660,0.000000000000,0.506629132525,0.000000000000,0.070959390409,1.420089863407,0.762973348883,0.177398476023,0.035479695205,0.035479695205,2.076046533616,0.496715732865,2.408766777794,3.665383292562
NewSite174,0.461236037660,0.000000000000,0.506629132525,0.000000000000,0.070959390409,1.420089863407,0.762973348883,0.177398476023,0.035479695205,0.035479695205,2.076046533616,0.496715732865,2.408766777794,3.665383292562
NewSite175,0.461236037660,0.000000000000,0.506629132525,0.000000000000,0.070959390409,1.420089863407,0.762973348883,0.177398476023,0.035479695205,0.035479695205,2.076046533616,0.496715732865,2.408766777794,3.665383292562
NewSite176,0.461236037660,0.000000000000,0.506629132525,0.000000000000,0.070959390409,1.420089863407,0.762973348883,0.177398476023,0.035479695205,0.035479695205,2.076046533616,0.496715732865,2.408766777794,3.665383292562
NewSite177,5.103836636961,0.072482374387,0.676005107631,1.126897225252,0.418141811761,2.844513756806,4.672029208471,0.915865078207,4.744044111423,0.234327031654,0.319545331976,5.862429650860,1.109240138084,0.986320172782
NewSite178,8.849227937199,0.087987301255,0.000000000000,1.527439301118,0.000000000000,2.928185143799,5.313624383050,0.689125177553,5.438421147469,0.423911402976,0.000000000000,8.317012964501,0.790765386084,0.000000000000
NewSite179,0.461236037660,0.000000000000,0.506629132525,0.000000000000,0.070959390409,1.420089863407,0.762973348883,0.177398476023,0.035479695205,0.035479695205,2.076046533616,0.496715732865,2.408766777794,3.665383292562
NewSite180,0.461236037660,0.000000000000,0.506629132525,0.000000000000,0.070959390409,1.420089863407,0.762973348883,0.177398476023,0.035479695205,0.035479695205,2.076046533616,0.496715732865,2.408766777794,3.665383292562
NewSite181,0.461236037660,0.000000000000,0.506629132525,0.000000000000,0.070959390409,1.420089863407,0.762973348883,0.177398476023,0.035479695205,0.035479695205,2.076046533616,0.496715732865,2.408766777794,3.665383292562
NewSite182,0.469399316496,0.000000000000,0.371213406394,0.000000000000,0.072215279461,1.447458978515,0.714051215308,0.180538198652,0.036107639730,0.036107639730,2.031614528624,0.505506956226,2.404792887725,3.570251198379
NewSite183,0.469399316496,0.000000000000,0.371213406394,0.000000000000,0.072215279461,1.447458978515,0.714051215308,0.180538198652,0.036107639730,0.036107639730,2.031614528624,0.505506956226,2.404792887725,3.570251198379
NewSite184,0.464439996583,0.000000000000,0.295335636154,0.000000000000,0.071452307167,1.435303522636,0.648278547951,0.178630767917,0.035726153583,0.035726153583,1.962042030755,0.500166150166,2.328800815012,3.862428415146
NewSite211,2.921283750942,0.000000000000,1.263565234979,0.706997217815,0.640804807651,2.444350737366,3.400782352486,0.148044427783,5.171103428841,0.142056500237,0.645102012241,4.020671505426,1.260100737316,2.648859445995
NewSite212,2.921283750942,0.000000000000,1.263565234979,0.706997217815,0.640804807651,2.444350737366,3.400782352486,0.148044427783,5.171103428841,0.142056500237,0.645102012241,4.020671505426,1.260100737316,2.648859445995
NewSite213,2.921283750942,0.000000000000,1.263565234979,0.706997217815,0.640804807651,2.444350737366,3.400782352486,0.148044427783,5.171103428841,0.142056500237,0.645102012241,4.020671505426,1.260100737316,2.648859445995
NewSite214,2.921283750942,0.000000000000,1.263565234979,0.706997217815,0.640804807651,2.444350737366,3.400782352486,0.148044427783,5.171103428841,0.142056500237,0.645102012241,4.020671505426,1.260100737316,2.648859445995
NewSite215,2.921283750942,0.000000000000,1.263565234979,0.706997217815,0.640804807651,2.444350737366,3.400782352486,0.148044427783,5.171103428841,0.142056500237,0.645102012241,4.020671505426,1.260100737316,2.648859445995
NewSite216,9.231968279315,0.000000000000,0.000000000000,1.497110399835,0.000000000000,2.499218350387,3.756111461662,0.000000000000,5.899966865141,0.427899879572,0.000000000000,8.425409013791,0.814914239496,0.000000000000
NewSite217,2.921283750942,0.000000000000,1.263565234979,0.706997217815,0.640804807651,2.444350737366,3.400782352486,0.148044427783,5.171103428841,0.142056500237,0.645102012241,4.020671505426,1.260100737316,2.648859445995
NewSite218,2.921283750942,0.000000000000,1.263565234979,0.706997217815,0.640804807651,2.444350737366,3.400782352486,0.148044427783,5.171103428841,0.142056500237,0.645102012241,4.020671505426,1.260100737316,2.648859445995
NewSite219,1.287110608170,0.003292386672,2.098983260043,0.371722674572,0.633262150529,2.218448946660,2.411364928905,0.320667216889,3.552111919465,0.113700805276,1.023733146834,2.651206328025,1.145332129581,4.264083949925
NewSite220,1.287110608170,0.003292386672,2.098983260043,0.371722674572,0.633262150529,2.218448946660,2.411364928905,0.320667216889,3.552111919465,0.113700805276,1.023733146834,2.651206328025,1.145332129581,4.264083949925
NewSite221,1.287110608170,0.003292386672,2.098983260043,0.371722674572,0.633262150529,2.218448946660,2.411364928905,0.320667216889,3.552111919465,0.113700805276,1.023733146834,2.651206328025,1.145332129581,4.264083949925
NewSite222,0.000000000000,0.033469142872,0.642128748624,0.000000000000,0.100407428617,0.614864480296,0.258664551898,0.000000000000,0.000000000000,0.000000000000,6.264496834782,0.033469142872,3.649810910834,3.335685240150
NewSite223,0.000000000000,0.033469142872,0.642128748624,0.000000000000,0.100407428617,0.614864480296,0.258664551898,0.000000000000,0.000000000000,0.000000000000,6.264496834782,0.033469142872,3.649810910834,3.335685240150
NewSite224,0.000000000000,0.034225164624,0.655417092926,0.000000000000,0.102675493872,0.618679746651,0.259329505168,0.000000000000,0.000000000000,0.000000000000,6.236171647946,0.034225164624,3.595792133716,3.394378469174
NewSite225,0.000000000000,0.033469142872,0.642128748624,0.000000000000,0.100407428617,0.614864480296,0.258664551898,0.000000000000,0.000000000000,0.000000000000,6.264496834782,0.033469142872,3.649810910834,3.335685240150
NewSite226,0.000000000000,0.033469142872,0.642128748624,0.000000000000,0.100407428617,0.614864480296,0.258664551898,0.000000000000,0.000000000000,0.000000000000,6.264496834782,0.033469142872,3.649810910834,3.335685240150
NewSite227,0.000000000000,0.000000000000,0.002091595913,0.000000000000,0.000000000000,0.397166462701,0.212192039423,0.000000000000,0.000000000000,0.000000000000,7.427429618857,0.000000000000,6.319641729539,0.740366164655
NewSite228,0.000000000000,0.000000000000,0.040675926255,0.000000000000,0.000000000000,0.411258120193,0.215404947769,0.000000000000,0.000000000000,0.000000000000,7.385336153199,0.000000000000,6.151005492871,0.884098604441
NewSite229,0.000000000000,0.000000000000,0.040675926255,0.000000000000,0.000000000000,0.411258120193,0.215404947769,0.000000000000,0.000000000000,0.000000000000,7.385336153199,0.000000000000,6.151005492871,0.884098604441
NewSite230,0.000000000000,0.000000000000,0.040675926255,0.000000000000,0.000000000000,0.411258120193,0.215404947769,0.000000000000,0.000000000000,0.000000000000,7.385336153199,0.000000000000,6.151005492871,0.884098604441
NewSite231,0.000000000000,0.000000000000,0.002091595913,0.000000000000,0.000000000000,0.397166462701,0.212192039423,0.000000000000,0.000000000000,0.000000000000,7.427429618857,0.000000000000,6.319641729539,0.740366164655
NewSite232,0.000000000000,0.000000000000,0.002091595913,0.000000000000,0.000000000000,0.397166462701,0.212192039423,0.000000000000,0.000000000000,0.000000000000,7.427429618857,0.000000000000,6.319641729539,0.740366164655
NewSite233,0.000000000000,0.000000000000,0.002091595913,0.000000000000,0.000000000000,0.397166462701,0.212192039423,0.000000000000,0.000000000000,0.000000000000,7.427429618857,0.000000000000,6.319641729539,0.740366164655
